index,user,item,rating
0,73,52,4.0
1,36,239,3.0
2,72,26,1.0
3,59,430,2.5
4,72,284,3.0
5,36,277,3.0
6,72,426,4.0
7,18,163,3.0
8,67,93,4.0
9,59,22,3.5
10,8,174,2.0
11,5,149,2.0
12,26,322,3.5
13,8,416,4.0
14,31,25,2.0
15,41,83,2.0
16,25,321,3.0
17,47,193,3.0
18,9,455,4.0
19,43,216,3.5
20,5,170,3.0
21,20,176,5.0
22,12,368,2.0
23,13,128,5.0
24,12,428,4.5
25,72,49,3.0
26,23,465,5.0
27,9,319,5.0
28,8,390,4.0
29,59,176,4.0
30,72,184,4.0
31,36,328,3.0
32,1,167,3.5
33,64,144,5.0
34,25,81,4.0
35,25,277,3.0
36,40,288,4.5
37,73,18,4.0
38,22,216,4.0
39,8,391,5.0
40,64,262,4.0
41,72,435,4.0
42,19,388,2.5
43,72,238,2.0
44,61,458,5.0
45,70,262,3.5
46,5,194,5.0
47,12,28,4.0
48,25,163,5.0
49,12,32,2.0
50,2,413,3.5
51,59,308,4.0
52,72,186,3.0
53,67,95,4.0
54,50,199,5.0
55,31,216,2.5
56,43,262,4.0
57,9,215,4.0
58,66,0,3.0
59,12,130,4.0
60,36,272,4.0
61,10,262,4.0
62,41,258,4.0
63,72,106,1.0
64,58,457,5.0
65,14,333,5.0
66,23,200,5.0
67,13,163,5.0
68,31,144,1.0
69,36,124,4.0
70,17,320,3.0
71,9,286,3.0
72,59,17,3.0
73,5,161,5.0
74,31,7,3.5
75,75,239,3.0
76,72,204,4.0
77,67,357,1.0
78,3,162,5.0
79,31,191,3.0
80,28,440,5.0
81,43,251,3.5
82,12,98,3.5
83,72,323,5.0
84,61,413,5.0
85,47,55,4.0
86,7,11,4.0
87,23,216,3.0
88,70,81,4.0
89,47,273,4.0
90,28,144,5.0
91,69,323,5.0
92,72,318,3.0
93,35,13,2.0
94,62,413,5.0
95,12,5,3.0
96,25,118,4.0
97,26,249,3.0
98,18,200,3.5
99,25,322,4.0
100,23,5,2.0
101,26,176,4.5
102,55,176,2.5
103,43,322,4.5
104,25,93,3.0
105,61,203,4.0
106,59,404,3.5
107,57,176,4.5
108,61,1,4.0
109,18,207,3.0
110,4,440,4.0
111,43,29,3.5
112,57,351,4.5
113,75,102,2.5
114,59,428,3.5
115,72,166,2.0
116,73,270,3.0
117,18,67,3.0
118,16,413,5.0
119,75,35,3.5
120,31,236,0.5
121,47,138,3.0
122,36,373,3.0
123,50,163,5.0
124,12,316,2.0
125,9,412,4.0
126,5,133,2.0
127,25,287,3.0
128,33,163,4.5
129,38,176,4.5
130,1,422,3.5
131,23,197,4.0
132,25,109,3.0
133,67,441,4.0
134,57,128,3.5
135,75,301,5.0
136,11,211,4.5
137,61,325,4.0
138,58,459,4.0
139,2,183,5.0
140,72,251,5.0
141,45,385,5.0
142,67,375,3.0
143,12,323,5.0
144,59,193,3.5
145,3,241,3.5
146,75,251,4.0
147,72,185,3.0
148,67,392,3.0
149,47,251,4.0
150,19,367,3.0
151,72,278,3.0
152,12,291,3.0
153,34,213,3.0
154,7,324,4.0
155,61,402,2.0
156,34,413,4.5
157,72,444,3.0
158,13,377,4.0
159,47,160,3.0
160,73,386,2.0
161,3,262,2.0
162,10,199,4.5
163,25,130,4.0
164,43,301,5.0
165,48,10,5.0
166,13,165,3.0
167,64,413,4.5
168,18,440,3.0
169,12,123,4.0
170,57,100,4.5
171,36,39,3.0
172,12,289,2.0
173,31,432,3.5
174,12,116,4.0
175,23,75,5.0
176,72,282,2.0
177,41,214,3.0
178,69,128,5.0
179,72,368,3.0
180,72,312,4.0
181,10,321,4.0
182,37,36,5.0
183,58,91,4.0
184,67,155,2.0
185,67,67,4.0
186,66,374,3.5
187,70,426,4.0
188,72,139,3.0
189,28,356,5.0
190,8,114,2.0
191,72,319,3.0
192,12,139,2.0
193,48,183,5.0
194,12,303,3.0
195,12,280,3.0
196,45,398,4.0
197,27,323,2.0
198,75,11,4.5
199,45,394,3.0
200,72,447,4.0
201,46,426,4.5
202,69,181,4.5
203,36,346,3.0
204,8,160,4.0
205,75,318,3.5
206,67,236,3.0
207,23,18,4.0
208,8,379,4.0
209,33,199,4.0
210,12,330,1.0
211,41,110,4.0
212,45,345,5.0
213,38,379,3.5
214,72,373,3.0
215,51,0,4.0
216,23,364,3.0
217,24,36,4.5
218,40,218,4.0
219,30,224,4.5
220,61,320,4.0
221,57,184,4.0
222,25,82,5.0
223,32,262,5.0
224,75,374,4.0
225,47,301,5.0
226,50,0,4.0
227,67,144,4.0
228,72,346,1.0
229,49,319,5.0
230,18,11,3.0
231,31,328,3.0
232,23,311,3.0
233,47,135,4.0
234,31,68,3.0
235,37,67,4.5
236,12,417,1.0
237,25,67,5.0
238,2,434,4.0
239,47,399,3.0
240,48,29,3.0
241,36,248,3.0
242,57,374,3.5
243,23,275,3.0
244,61,3,3.0
245,70,321,3.5
246,75,324,3.5
247,61,317,3.0
248,62,61,4.5
249,12,370,2.0
250,69,207,4.5
251,50,386,5.0
252,20,1,2.5
253,5,0,4.0
254,12,282,2.0
255,13,207,4.0
256,9,125,5.0
257,36,325,3.0
258,46,199,4.5
259,72,320,5.0
260,59,442,3.5
261,72,232,4.0
262,13,234,2.5
263,59,199,3.0
264,41,270,3.0
265,23,281,5.0
266,5,302,4.0
267,12,346,2.0
268,31,26,3.5
269,12,208,2.0
270,75,36,4.0
271,41,283,4.0
272,12,99,5.0
273,71,216,5.0
274,36,400,3.0
275,47,192,3.0
276,75,148,3.0
277,8,324,4.0
278,12,128,2.0
279,72,256,3.0
280,67,1,4.0
281,36,175,4.0
282,12,81,2.0
283,13,386,3.0
284,5,130,3.0
285,12,174,3.0
286,18,36,4.0
287,9,321,3.0
288,25,156,5.0
289,31,373,2.5
290,18,386,4.0
291,53,333,4.5
292,25,236,3.0
293,36,88,2.0
294,20,207,4.0
295,18,7,4.0
296,27,328,5.0
297,15,262,3.0
298,12,255,3.0
299,73,417,3.0
300,43,203,3.0
301,32,207,4.0
302,32,251,4.0
303,61,252,2.0
304,61,286,4.0
305,73,343,3.0
306,57,175,1.5
307,7,182,3.0
308,61,53,4.0
309,53,324,3.0
310,9,318,5.0
311,75,322,4.0
312,5,183,4.0
313,75,399,3.5
314,61,262,5.0
315,59,456,3.5
316,12,288,5.0
317,69,204,4.0
318,5,199,4.0
319,7,167,5.0
320,70,288,4.5
321,9,203,5.0
322,12,287,3.0
323,12,281,4.0
324,72,460,3.0
325,12,442,4.0
326,36,270,3.0
327,31,251,3.5
328,59,162,4.0
329,12,16,3.0
330,70,374,2.0
331,69,190,5.0
332,75,67,3.0
333,45,374,3.0
334,48,79,5.0
335,36,203,3.0
336,41,15,4.0
337,36,186,3.0
338,72,328,3.0
339,23,119,4.0
340,5,29,2.0
341,43,163,5.0
342,69,115,3.0
343,9,440,3.0
344,58,210,5.0
345,10,144,5.0
346,3,97,3.0
347,61,365,4.0
348,61,211,4.0
349,12,147,4.0
350,37,163,5.0
351,75,216,3.0
352,57,356,4.0
353,31,193,2.0
354,9,29,3.0
355,61,175,3.0
356,22,186,5.0
357,67,410,4.0
358,45,348,3.0
359,3,36,5.0
360,64,199,5.0
361,5,323,3.0
362,67,326,4.0
363,4,321,4.0
364,18,77,4.0
365,58,432,5.0
366,58,437,5.0
367,72,77,4.0
368,36,114,3.0
369,72,59,4.0
370,19,199,4.0
371,61,296,2.0
372,8,399,3.0
373,13,204,4.0
374,12,374,3.0
375,72,433,4.0
376,4,301,4.5
377,25,77,3.0
378,43,299,4.0
379,61,228,4.0
380,12,12,4.0
381,10,0,3.5
382,23,240,4.0
383,8,241,3.0
384,20,413,5.0
385,75,199,2.0
386,23,34,4.0
387,25,323,3.0
388,12,76,3.0
389,23,65,3.0
390,1,352,5.0
391,43,115,2.0
392,18,328,3.0
393,32,324,5.0
394,72,196,5.0
395,42,34,5.0
396,8,239,4.0
397,8,204,4.0
398,19,324,4.0
399,31,140,2.0
400,32,320,4.0
401,59,376,4.5
402,38,288,4.0
403,62,230,3.0
404,18,190,4.0
405,35,81,5.0
406,61,437,5.0
407,5,187,5.0
408,43,0,4.0
409,9,253,4.0
410,43,415,4.0
411,22,320,5.0
412,7,163,4.0
413,72,308,3.0
414,8,25,3.0
415,36,204,3.0
416,12,150,4.0
417,38,34,4.0
418,23,46,2.0
419,47,90,3.0
420,43,386,3.5
421,19,1,3.5
422,72,202,3.0
423,18,5,4.0
424,29,80,3.5
425,23,267,5.0
426,61,224,4.0
427,9,317,3.0
428,70,68,4.0
429,6,424,4.0
430,74,128,5.0
431,31,386,2.0
432,74,163,4.0
433,25,139,3.0
434,25,144,3.0
435,66,7,5.0
436,47,18,5.0
437,12,88,2.0
438,25,193,3.0
439,73,397,3.0
440,9,241,3.0
441,57,318,3.5
442,74,236,3.0
443,50,190,5.0
444,13,65,4.0
445,43,140,3.5
446,59,138,3.5
447,9,461,3.0
448,49,262,3.0
449,8,93,5.0
450,74,83,2.0
451,25,239,4.0
452,61,271,3.0
453,72,298,4.0
454,31,29,2.0
455,13,77,4.5
456,72,32,1.0
457,8,12,4.0
458,43,440,3.5
459,47,191,3.0
460,61,33,3.0
461,23,30,4.0
462,59,333,3.5
463,71,251,5.0
464,43,60,3.0
465,41,193,4.0
466,12,406,4.0
467,36,0,5.0
468,45,397,3.0
469,3,68,4.0
470,55,47,4.5
471,69,214,4.0
472,18,216,2.5
473,12,383,2.0
474,41,31,3.0
475,73,394,3.0
476,10,323,3.0
477,19,357,2.5
478,15,303,5.0
479,57,42,3.5
480,18,397,4.0
481,47,384,3.0
482,2,251,5.0
483,62,324,4.5
484,23,456,4.0
485,43,376,3.5
486,72,225,2.0
487,72,311,3.0
488,12,190,2.5
489,72,4,4.0
490,43,288,3.5
491,5,251,5.0
492,70,207,2.5
493,12,431,5.0
494,9,230,4.0
495,31,34,3.0
496,32,88,4.0
497,12,38,2.0
498,8,232,4.0
499,25,34,5.0
500,12,379,4.0
501,48,391,4.0
502,61,436,5.0
503,46,382,0.5
504,25,145,3.0
505,9,71,5.0
506,61,265,2.0
507,71,262,5.0
508,43,320,4.0
509,57,272,3.5
510,72,141,2.0
511,54,5,3.0
512,75,213,4.0
513,32,199,5.0
514,12,241,2.0
515,32,34,4.0
516,67,214,3.0
517,61,364,3.0
518,47,373,3.0
519,50,204,5.0
520,75,204,3.5
521,18,326,2.5
522,59,262,4.0
523,5,128,4.0
524,47,68,3.0
525,8,67,5.0
526,5,310,3.0
527,19,325,2.5
528,5,373,5.0
529,75,259,3.0
530,36,77,3.0
531,31,429,4.5
532,41,323,5.0
533,18,385,4.5
534,57,123,4.5
535,25,15,3.0
536,33,176,5.0
537,3,321,4.0
538,58,213,3.0
539,34,67,3.0
540,26,36,5.0
541,57,63,4.5
542,13,190,4.0
543,7,159,3.0
544,72,110,2.0
545,57,385,4.0
546,61,195,4.0
547,9,248,4.0
548,72,210,2.0
549,23,37,4.0
550,23,247,4.0
551,70,299,2.5
552,69,10,4.0
553,12,91,4.0
554,66,286,4.5
555,41,79,3.0
556,25,262,4.0
557,43,240,3.0
558,23,148,3.0
559,8,425,4.0
560,43,36,5.0
561,45,76,3.0
562,47,9,3.0
563,23,333,4.0
564,42,300,3.0
565,72,322,4.0
566,73,41,2.0
567,70,323,3.0
568,9,300,4.0
569,43,8,3.0
570,49,214,5.0
571,46,432,5.0
572,43,271,3.5
573,26,346,4.0
574,41,449,4.0
575,22,83,5.0
576,12,389,2.0
577,38,324,3.5
578,9,456,4.0
579,49,237,3.0
580,34,269,3.0
581,58,309,5.0
582,5,77,5.0
583,67,190,3.0
584,9,1,5.0
585,50,34,4.0
586,25,272,3.0
587,23,373,4.0
588,25,214,5.0
589,28,174,5.0
590,59,184,3.5
591,13,83,1.0
592,12,14,1.0
593,73,42,4.0
594,74,190,4.0
595,70,263,4.0
596,18,8,4.0
597,61,326,5.0
598,72,382,2.0
599,61,444,4.0
600,25,28,5.0
601,18,162,4.0
602,49,141,4.0
603,32,272,4.0
604,47,333,5.0
605,28,25,5.0
606,40,176,5.0
607,45,387,4.0
608,19,385,4.0
609,6,288,5.0
610,24,413,4.0
611,68,68,4.0
612,23,324,5.0
613,42,231,4.0
614,13,115,3.5
615,67,31,1.0
616,72,67,4.0
617,12,262,4.0
618,72,45,4.0
619,47,27,3.0
620,31,164,2.5
621,75,328,4.0
622,8,333,4.0
623,70,199,4.0
624,58,440,5.0
625,72,364,3.0
626,9,463,3.0
627,72,128,1.0
628,19,376,5.0
629,73,62,3.0
630,67,216,3.0
631,72,466,1.0
632,43,236,2.0
633,42,324,5.0
634,36,92,3.0
635,43,204,3.5
636,8,440,5.0
637,9,323,4.0
638,61,207,3.0
639,67,361,4.0
640,61,435,5.0
641,41,69,4.0
642,25,258,5.0
643,45,77,4.0
644,12,277,3.5
645,72,153,3.0
646,70,322,3.5
647,75,82,3.0
648,69,288,5.0
649,72,29,4.0
650,47,385,5.0
651,70,176,3.5
652,32,323,3.0
653,9,452,4.0
654,72,239,5.0
655,5,70,3.0
656,18,364,4.0
657,32,89,4.0
658,23,298,5.0
659,48,333,3.0
660,58,462,5.0
661,23,42,5.0
662,6,333,5.0
663,9,199,5.0
664,20,31,3.0
665,74,193,1.0
666,9,446,4.0
667,70,319,2.5
668,43,144,4.5
669,66,183,4.0
670,13,249,1.5
671,33,324,3.5
672,12,364,2.0
673,72,83,1.0
674,2,288,5.0
675,12,251,4.0
676,8,42,4.0
677,64,0,4.0
678,23,432,4.0
679,27,223,5.0
680,31,77,3.5
681,36,151,3.0
682,32,128,2.0
683,72,217,4.0
684,50,24,4.5
685,25,89,2.0
686,61,328,5.0
687,12,163,5.0
688,49,199,4.0
689,61,424,4.0
690,8,251,5.0
691,57,164,4.0
692,71,67,5.0
693,5,36,5.0
694,72,440,3.0
695,45,395,5.0
696,13,310,4.0
697,25,164,5.0
698,12,272,4.0
699,43,373,4.0
700,25,199,2.0
701,70,415,3.5
702,18,437,4.0
703,18,199,3.0
704,36,78,3.0
705,47,322,5.0
706,70,67,3.5
707,43,129,3.5
708,47,298,4.0
709,53,288,4.5
710,59,426,3.5
711,9,156,4.0
712,70,328,0.5
713,18,301,3.0
714,18,374,4.0
715,57,144,4.0
716,72,115,1.0
717,72,81,4.0
718,12,161,2.5
719,18,224,3.0
720,46,444,4.5
721,69,324,5.0
722,39,288,3.5
723,75,145,4.0
724,23,346,3.0
725,43,15,3.5
726,72,18,4.0
727,5,228,3.0
728,5,163,4.0
729,12,142,3.0
730,8,287,4.0
731,25,115,4.0
732,12,79,2.5
733,12,34,4.0
734,72,11,5.0
735,43,377,4.0
736,42,321,4.0
737,58,433,5.0
738,59,144,4.0
739,67,317,3.0
740,35,184,4.0
741,18,184,3.5
742,36,122,3.0
743,23,299,5.0
744,13,13,3.5
745,26,25,4.5
746,9,322,4.0
747,59,68,3.5
748,57,404,4.0
749,47,59,3.0
750,36,26,5.0
751,41,196,5.0
752,18,333,3.5
753,75,194,3.0
754,68,163,4.0
755,9,327,4.0
756,40,67,4.5
757,2,204,4.5
758,36,82,3.0
759,23,192,4.0
760,69,7,3.0
761,57,2,3.5
762,9,229,4.0
763,59,152,3.5
764,72,25,4.0
765,12,35,2.0
766,31,262,2.0
767,72,304,2.0
768,8,183,5.0
769,20,299,3.0
770,45,322,4.0
771,46,258,3.0
772,61,147,4.0
773,8,18,3.0
774,3,385,5.0
775,72,363,3.0
776,8,8,3.0
777,41,251,5.0
778,23,440,4.0
779,18,13,4.0
780,31,379,2.5
781,12,245,3.0
782,23,78,3.0
783,41,144,4.0
784,31,225,3.5
785,47,213,3.0
786,7,7,3.0
787,72,144,5.0
788,12,216,2.0
789,36,134,2.0
790,67,309,3.0
791,25,136,1.0
792,69,12,5.0
793,62,79,4.0
794,13,262,4.0
795,25,161,4.0
796,25,159,3.0
797,72,446,2.0
798,51,144,3.5
799,70,346,2.5
800,43,214,3.5
801,72,8,5.0
802,13,26,4.0
803,5,204,4.0
804,72,386,4.0
805,8,140,4.0
806,7,168,4.0
807,18,97,1.0
808,4,163,4.0
809,70,272,3.5
810,72,262,4.0
811,67,327,2.0
812,54,131,4.5
813,67,305,1.0
814,70,193,2.5
815,41,95,5.0
816,49,320,5.0
817,36,412,3.0
818,62,385,4.5
819,12,265,1.5
820,41,6,3.0
821,47,167,4.0
822,32,193,5.0
823,25,207,4.0
824,58,425,4.0
825,8,34,5.0
826,47,147,5.0
827,25,13,3.0
828,10,81,4.0
829,28,161,3.0
830,70,386,2.0
831,36,320,4.0
832,70,163,4.5
833,36,5,3.0
834,4,386,2.0
835,59,377,3.5
836,61,144,5.0
837,45,368,4.0
838,67,350,4.0
839,22,236,4.0
840,57,207,3.5
841,66,230,4.0
842,26,214,2.5
843,72,406,2.0
844,61,13,3.0
845,29,333,4.0
846,23,107,5.0
847,75,207,3.5
848,49,248,5.0
849,31,248,2.5
850,59,326,3.0
851,36,380,3.0
852,72,288,5.0
853,73,385,5.0
854,43,25,4.0
855,48,346,4.0
856,61,406,3.0
857,49,272,5.0
858,47,84,3.0
859,42,214,3.0
860,35,299,3.5
861,46,67,4.5
862,12,195,3.0
863,73,370,3.0
864,45,81,4.0
865,41,45,4.0
866,36,40,4.0
867,9,202,4.0
868,72,85,3.0
869,12,140,3.5
870,5,124,4.0
871,12,314,3.5
872,18,272,4.0
873,43,83,2.5
874,59,123,3.5
875,9,402,3.0
876,49,323,5.0
877,57,298,4.0
878,40,311,5.0
879,47,60,2.0
880,8,325,2.0
881,67,420,4.0
882,12,239,4.0
883,19,204,2.0
884,70,190,2.5
885,27,449,4.0
886,23,323,3.0
887,31,102,2.5
888,43,433,4.5
889,3,376,5.0
890,9,324,5.0
891,46,66,2.5
892,72,301,4.0
893,31,258,3.5
894,23,250,3.0
895,13,69,4.0
896,45,350,3.0
897,70,438,3.5
898,12,118,4.0
899,61,75,3.0
900,72,333,4.0
901,61,388,2.0
902,14,288,5.0
903,31,36,3.0
904,23,209,4.0
905,56,144,4.0
906,23,279,3.0
907,41,216,3.0
908,5,397,5.0
909,8,111,1.0
910,23,385,4.0
911,12,103,2.5
912,22,89,4.0
913,25,167,4.0
914,25,123,1.0
915,56,324,2.5
916,72,107,4.0
917,48,34,4.0
918,13,214,3.5
919,75,321,5.0
920,43,93,3.5
921,25,78,3.0
922,7,93,3.0
923,15,119,4.0
924,12,145,3.5
925,75,188,2.5
926,13,240,4.5
927,72,266,3.0
928,6,144,5.0
929,49,103,3.0
930,13,67,4.5
931,12,292,2.5
932,41,4,4.0
933,72,258,5.0
934,41,419,3.0
935,41,58,4.0
936,74,326,3.0
937,5,392,3.0
938,54,324,5.0
939,28,216,4.0
940,43,89,3.5
941,49,13,3.0
942,9,258,4.0
943,73,408,3.0
944,23,4,4.0
945,8,270,3.0
946,62,67,4.5
947,72,197,3.0
948,8,394,4.0
949,39,22,4.0
950,36,225,3.0
951,57,333,4.5
952,36,188,3.0
953,25,125,3.0
954,72,214,3.0
955,59,369,4.0
956,41,462,4.0
957,12,188,4.0
958,47,340,4.0
959,19,163,3.5
960,19,377,3.5
961,72,427,4.0
962,72,108,2.0
963,18,346,4.0
964,25,87,3.0
965,73,25,5.0
966,31,449,2.5
967,72,394,3.0
968,18,193,4.0
969,9,216,5.0
970,19,326,3.0
971,59,239,3.5
972,36,94,3.0
973,69,262,4.5
974,62,288,4.5
975,72,240,2.0
976,5,73,3.0
977,31,299,3.0
978,75,186,2.5
979,45,216,3.0
980,31,214,3.0
981,18,321,4.0
982,37,34,4.5
983,49,326,5.0
984,61,35,4.0
985,5,389,2.0
986,68,379,5.0
987,25,128,3.0
988,8,110,5.0
989,18,88,3.0
990,31,318,2.0
991,45,323,3.0
992,9,94,5.0
993,59,457,3.5
994,48,65,5.0
995,9,234,3.0
996,25,162,4.0
997,45,344,4.0
998,24,24,4.0
999,75,0,5.0
1000,70,182,2.0
1001,70,25,4.0
1002,12,339,4.5
1003,31,163,3.0
1004,31,459,3.5
1005,47,67,3.0
1006,12,274,2.0
1007,71,81,5.0
1008,57,25,4.5
1009,18,144,3.0
1010,31,272,2.5
1011,57,81,4.0
1012,36,366,3.0
1013,23,139,4.0
1014,73,9,4.0
1015,6,89,2.0
1016,73,382,1.0
1017,66,83,4.0
1018,36,33,4.0
1019,12,437,4.0
1020,59,96,2.0
1021,23,331,3.0
1022,23,345,4.0
1023,60,301,4.0
1024,13,155,3.0
1025,72,338,3.0
1026,74,182,3.0
1027,7,21,4.0
1028,18,182,3.0
1029,46,410,1.5
1030,26,262,3.0
1031,25,102,3.0
1032,8,0,4.0
1033,32,29,3.0
1034,25,320,4.0
1035,72,437,5.0
1036,57,110,4.5
1037,67,174,3.0
1038,33,288,4.0
1039,72,103,1.0
1040,61,24,4.0
1041,8,69,5.0
1042,36,152,3.0
1043,5,374,3.0
1044,43,77,3.0
1045,45,386,3.0
1046,13,97,2.0
1047,50,324,4.5
1048,69,236,3.5
1049,66,204,4.5
1050,59,67,3.5
1051,12,171,3.0
1052,9,153,3.0
1053,73,4,5.0
1054,10,176,4.5
1055,61,21,3.0
1056,43,276,3.5
1057,7,169,4.0
1058,59,34,4.5
1059,22,161,5.0
1060,16,176,5.0
1061,72,257,5.0
1062,73,48,3.0
1063,45,347,4.0
1064,36,326,4.0
1065,61,446,4.0
1066,48,270,4.0
1067,19,176,4.0
1068,70,324,3.5
1069,22,193,5.0
1070,5,386,4.0
1071,72,457,4.0
1072,41,67,4.0
1073,32,234,3.0
1074,9,144,4.0
1075,72,286,2.0
1076,3,432,4.5
1077,75,373,3.5
1078,62,262,3.5
1079,36,258,4.0
1080,9,353,5.0
1081,12,441,4.5
1082,50,25,4.0
1083,61,143,2.0
1084,31,413,3.0
1085,5,340,5.0
1086,25,232,5.0
1087,9,41,4.0
1088,46,141,2.0
1089,5,287,3.0
1090,12,377,4.0
1091,72,82,4.0
1092,41,311,3.0
1093,75,333,3.5
1094,72,161,3.0
1095,13,141,2.0
1096,72,124,3.0
1097,2,82,4.5
1098,12,324,4.0
1099,19,67,3.0
1100,15,77,5.0
1101,32,26,3.0
1102,23,233,5.0
1103,8,60,4.0
1104,41,373,4.0
1105,5,95,4.0
1106,36,290,3.0
1107,69,248,1.5
1108,2,310,2.0
1109,48,83,4.0
1110,23,103,1.0
1111,43,67,4.5
1112,45,333,5.0
1113,10,36,5.0
1114,47,28,5.0
1115,23,232,5.0
1116,18,34,4.0
1117,29,57,3.5
1118,15,199,5.0
1119,61,11,4.0
1120,12,286,4.0
1121,36,8,4.0
1122,45,384,2.0
1123,72,200,4.0
1124,12,43,3.0
1125,72,385,3.0
1126,12,175,2.0
1127,66,42,4.5
1128,32,216,4.0
1129,18,318,2.5
1130,27,437,5.0
1131,59,324,4.5
1132,25,200,3.0
1133,40,333,4.0
1134,45,349,3.0
1135,6,433,4.0
1136,57,65,4.0
1137,12,93,4.0
1138,23,287,4.0
1139,50,81,3.5
1140,55,355,5.0
1141,9,26,3.0
1142,43,174,3.0
1143,19,207,3.5
1144,12,257,4.0
1145,74,115,3.0
1146,36,278,3.0
1147,47,386,3.0
1148,70,174,1.5
1149,25,175,3.0
1150,8,161,5.0
1151,40,324,4.0
1152,73,364,4.0
1153,22,182,5.0
1154,47,412,3.0
1155,31,440,1.0
1156,22,174,5.0
1157,72,291,1.0
1158,9,336,1.0
1159,70,200,4.0
1160,72,263,4.0
1161,72,164,3.0
1162,23,36,5.0
1163,12,102,2.0
1164,41,262,5.0
1165,72,249,2.0
1166,31,89,2.5
1167,31,288,2.5
1168,25,234,2.0
1169,8,100,4.0
1170,46,431,4.5
1171,43,39,3.0
1172,32,322,3.0
1173,59,461,4.0
1174,31,199,3.0
1175,8,10,4.0
1176,72,434,4.0
1177,23,25,3.0
1178,67,320,4.0
1179,31,8,3.5
1180,2,176,5.0
1181,9,255,2.0
1182,49,204,5.0
1183,36,374,3.0
1184,45,163,5.0
1185,75,272,3.5
1186,3,440,5.0
1187,19,461,4.0
1188,1,168,5.0
1189,26,0,3.0
1190,43,1,3.5
1191,61,423,5.0
1192,72,421,4.0
1193,23,278,3.0
1194,39,144,3.5
1195,43,328,4.0
1196,18,234,2.0
1197,18,93,3.0
1198,69,144,5.0
1199,25,126,3.0
1200,5,119,4.0
1201,34,212,4.0
1202,72,274,3.0
1203,41,321,4.0
1204,38,163,4.5
1205,8,216,5.0
1206,23,239,4.0
1207,18,83,3.5
1208,73,412,3.0
1209,67,360,3.0
1210,9,249,4.0
1211,45,406,5.0
1212,61,202,2.0
1213,2,0,3.5
1214,36,251,4.0
1215,23,271,4.0
1216,70,413,4.5
1217,5,83,3.0
1218,5,267,3.0
1219,21,162,4.0
1220,43,190,3.5
1221,41,182,3.0
1222,8,44,5.0
1223,62,163,4.5
1224,62,36,4.5
1225,12,386,4.0
1226,7,224,3.0
1227,72,188,5.0
1228,72,432,5.0
1229,45,75,4.0
1230,75,299,3.0
1231,47,372,4.0
1232,5,137,2.0
1233,15,333,5.0
1234,10,251,3.5
1235,36,172,4.0
1236,18,308,4.0
1237,38,377,3.0
1238,47,337,3.0
1239,36,89,4.0
1240,71,176,5.0
1241,5,140,4.0
1242,38,144,4.5
1243,18,3,4.0
1244,43,324,3.5
1245,66,248,5.0
1246,25,324,5.0
1247,59,346,3.5
1248,9,93,4.0
1249,31,67,1.5
1250,12,189,1.5
1251,19,301,4.5
1252,45,388,5.0
1253,74,81,1.0
1254,8,340,4.0
1255,49,207,3.0
1256,25,158,3.0
1257,9,320,5.0
1258,38,36,4.5
1259,27,67,3.0
1260,75,214,4.0
1261,5,144,5.0
1262,75,258,3.0
1263,72,42,4.0
1264,57,69,3.5
1265,4,144,3.5
1266,36,395,4.0
1267,72,224,3.0
1268,18,103,3.0
1269,67,13,3.0
1270,72,193,4.0
1271,31,204,2.5
1272,32,204,4.0
1273,23,413,5.0
1274,2,199,4.5
1275,43,258,3.5
1276,75,385,3.0
1277,43,379,2.5
1278,72,140,3.0
1279,56,321,5.0
1280,25,186,3.0
1281,28,335,5.0
1282,75,388,3.0
1283,67,321,3.0
1284,59,36,4.0
1285,75,3,4.0
1286,61,338,4.0
1287,30,214,1.5
1288,45,314,4.0
1289,69,321,5.0
1290,57,119,4.0
1291,66,272,1.5
1292,12,29,4.0
1293,61,26,4.0
1294,8,201,4.0
1295,8,364,2.0
1296,9,198,5.0
1297,48,18,5.0
1298,23,28,5.0
1299,66,13,4.0
1300,5,260,4.0
1301,61,462,5.0
1302,23,135,5.0
1303,5,320,4.0
1304,8,310,2.0
1305,72,62,4.0
1306,67,35,4.0
1307,72,44,1.0
1308,36,377,4.0
1309,61,200,3.0
1310,15,193,5.0
1311,8,2,4.0
1312,23,411,5.0
1313,56,199,4.0
1314,40,233,4.0
1315,36,322,5.0
1316,31,374,2.0
1317,8,308,2.0
1318,12,214,4.0
1319,23,404,2.0
1320,36,144,5.0
1321,22,128,1.0
1322,23,328,3.0
1323,46,433,5.0
1324,71,144,5.0
1325,23,288,5.0
1326,72,207,2.0
1327,50,249,2.5
1328,72,46,3.0
1329,66,390,2.5
1330,61,463,5.0
1331,75,200,4.0
1332,32,214,4.0
1333,47,39,5.0
1334,9,399,5.0
1335,5,25,5.0
1336,19,35,1.5
1337,49,299,5.0
1338,69,346,1.5
1339,61,303,4.0
1340,18,148,0.5
1341,5,81,5.0
1342,13,34,4.0
1343,70,77,3.0
1344,59,443,3.5
1345,47,5,3.0
1346,43,370,2.5
1347,46,452,3.5
1348,74,93,5.0
1349,12,212,1.0
1350,12,182,3.0
1351,34,249,2.5
1352,12,411,4.0
1353,62,199,4.5
1354,32,163,5.0
1355,12,57,2.5
1356,9,282,3.0
1357,12,311,4.0
1358,13,176,4.5
1359,49,186,5.0
1360,47,152,3.0
1361,21,176,5.0
1362,72,220,2.0
1363,67,83,2.0
1364,31,161,2.5
1365,43,81,4.0
1366,8,4,3.0
1367,67,348,4.0
1368,59,385,3.5
1369,31,319,3.0
1370,22,326,4.0
1371,21,321,5.0
1372,3,144,4.0
1373,47,374,2.0
1374,66,303,4.0
1375,23,124,4.0
1376,43,193,3.5
1377,72,332,3.0
1378,59,128,2.0
1379,47,248,3.0
1380,8,65,5.0
1381,41,374,4.0
1382,73,345,5.0
1383,8,36,4.0
1384,8,456,4.0
1385,12,434,3.0
1386,8,321,4.0
1387,61,434,5.0
1388,5,60,3.0
1389,47,136,4.0
1390,32,140,4.0
1391,43,123,5.0
1392,47,271,3.0
1393,47,23,3.0
1394,72,297,4.0
1395,41,94,4.0
1396,8,279,4.0
1397,74,199,4.0
1398,55,354,5.0
1399,2,320,2.0
1400,20,386,5.0
1401,5,326,3.0
1402,27,445,4.0
1403,31,324,3.0
1404,12,2,2.0
1405,24,176,4.5
1406,73,0,3.0
1407,32,248,3.0
1408,25,311,5.0
1409,70,83,2.0
1410,5,121,3.0
1411,12,439,5.0
1412,72,154,4.0
1413,72,464,5.0
1414,48,3,3.0
1415,25,216,3.0
1416,43,207,3.5
1417,67,0,3.0
1418,31,155,2.5
1419,35,277,4.0
1420,70,214,0.5
1421,51,67,4.5
1422,69,68,4.0
1423,23,39,5.0
1424,46,440,1.5
1425,69,216,3.0
1426,20,144,5.0
1427,61,318,3.0
1428,9,221,3.0
1429,12,138,4.0
1430,36,200,4.0
1431,23,84,5.0
1432,36,147,3.0
1433,75,34,3.5
1434,47,0,2.0
1435,22,102,5.0
1436,18,389,3.0
1437,35,42,4.5
1438,13,374,3.0
1439,23,144,5.0
1440,67,325,2.0
1441,55,335,4.0
1442,23,248,4.0
1443,61,339,4.0
1444,8,116,4.0
1445,75,262,3.0
1446,8,79,5.0
1447,18,320,2.5
1448,68,144,4.0
1449,47,107,5.0
1450,62,233,4.0
1451,31,320,2.0
1452,32,190,3.0
1453,12,385,5.0
1454,12,421,4.5
1455,31,301,1.5
1456,8,258,4.0
1457,53,432,5.0
1458,12,199,4.0
1459,31,93,2.5
1460,22,81,5.0
1461,12,0,4.0
1462,59,288,4.0
1463,31,323,3.0
1464,64,456,5.0
1465,61,290,4.0
1466,23,131,3.0
1467,46,310,4.0
1468,8,326,2.0
1469,8,199,5.0
1470,49,102,5.0
1471,72,165,1.0
1472,18,204,4.5
1473,12,77,4.0
1474,5,188,3.0
1475,18,196,4.0
1476,72,36,5.0
1477,47,89,3.0
1478,23,268,4.0
1479,31,176,4.0
1480,23,211,4.0
1481,3,22,4.5
1482,31,422,4.0
1483,27,438,5.0
1484,61,369,5.0
1485,2,271,4.0
1486,9,155,5.0
1487,47,244,3.0
1488,38,301,4.0
1489,5,211,4.0
1490,12,42,3.0
1491,57,399,3.5
1492,43,186,4.0
1493,20,175,2.5
1494,57,61,4.5
1495,32,25,3.0
1496,61,455,4.0
1497,32,288,4.0
1498,40,163,5.0
1499,75,338,3.5
1500,25,177,3.0
1501,72,413,5.0
1502,53,430,5.0
1503,43,326,3.5
1504,72,277,4.0
1505,72,321,2.0
1506,18,373,4.0
1507,35,175,4.0
1508,12,94,3.0
1509,18,251,3.5
1510,43,153,3.0
1511,61,278,4.0
1512,73,333,5.0
1513,58,2,5.0
1514,45,399,4.0
1515,25,219,3.0
1516,43,323,4.0
1517,19,320,2.5
1518,70,102,1.5
1519,69,199,5.0
1520,18,324,4.0
1521,59,16,4.5
1522,41,93,3.0
1523,74,262,3.0
1524,46,356,3.0
1525,61,5,3.0
1526,43,369,3.5
1527,9,86,4.0
1528,38,67,3.0
1529,9,328,5.0
1530,72,454,5.0
1531,12,1,2.0
1532,5,184,5.0
1533,13,286,3.5
1534,12,176,4.5
1535,12,240,3.5
1536,8,5,1.0
1537,7,251,3.0
1538,47,78,4.0
1539,9,175,4.0
1540,64,89,3.5
1541,69,34,4.0
1542,23,81,5.0
1543,20,199,5.0
1544,1,163,5.0
1545,72,60,2.0
1546,23,255,4.0
1547,8,248,5.0
1548,54,34,2.5
1549,21,376,5.0
1550,45,383,3.0
1551,25,103,3.0
1552,9,413,3.0
1553,59,127,4.0
1554,73,77,4.0
1555,46,456,5.0
1556,9,285,5.0
1557,12,224,2.0
1558,28,379,5.0
1559,8,64,2.0
1560,39,428,4.0
1561,12,430,4.0
1562,12,141,1.5
1563,72,358,2.0
1564,72,342,4.0
1565,69,0,3.0
1566,25,251,5.0
1567,13,440,3.5
1568,2,216,1.0
1569,36,362,4.0
1570,72,123,5.0
1571,45,382,3.0
1572,3,25,4.5
1573,5,28,5.0
1574,12,133,3.0
1575,13,323,4.0
1576,3,324,4.0
1577,8,176,1.0
1578,59,309,3.5
1579,3,176,4.0
1580,36,157,4.0
1581,25,135,4.0
1582,13,0,4.0
1583,33,413,5.0
1584,58,422,5.0
1585,72,412,3.0
1586,65,176,1.0
1587,72,453,4.0
1588,61,370,3.0
1589,9,224,3.0
1590,75,319,3.0
1591,45,414,4.0
1592,72,374,5.0
1593,5,324,5.0
1594,47,42,3.0
1595,47,148,3.0
1596,61,104,3.0
1597,12,112,2.5
1598,72,178,4.0
1599,59,323,3.5
1600,36,324,4.0
1601,67,386,3.0
1602,5,159,4.0
1603,70,144,4.0
1604,35,262,4.5
1605,25,36,2.0
1606,67,115,3.0
1607,26,324,4.0
1608,57,320,3.5
1609,70,379,3.5
1610,29,314,3.5
1611,57,262,3.5
1612,72,100,2.0
1613,27,144,2.0
1614,12,22,4.0
1615,72,15,5.0
1616,31,211,1.5
1617,74,322,3.0
1618,75,277,3.5
1619,71,199,5.0
1620,9,243,4.0
1621,19,262,3.5
1622,2,294,4.5
1623,20,324,5.0
1624,59,327,2.5
1625,9,325,5.0
1626,25,295,5.0
1627,10,440,4.5
1628,7,39,5.0
1629,23,199,5.0
1630,36,262,4.0
1631,56,67,4.0
1632,72,199,5.0
1633,8,89,5.0
1634,26,163,3.0
1635,66,324,3.0
1636,67,207,3.0
1637,23,157,4.0
1638,14,163,5.0
1639,67,206,2.0
1640,59,163,3.0
1641,72,112,4.0
1642,7,322,3.0
1643,25,83,4.0
1644,8,179,3.0
1645,31,159,1.5
1646,13,308,4.5
1647,12,305,1.0
1648,41,386,5.0
1649,23,193,3.0
1650,40,385,5.0
1651,41,309,4.0
1652,45,372,4.0
1653,67,308,5.0
1654,69,333,5.0
1655,23,176,5.0
1656,7,326,4.0
1657,12,207,2.0
1658,61,190,3.0
1659,23,409,4.0
1660,59,200,3.5
1661,5,234,3.0
1662,33,36,3.5
1663,49,83,5.0
1664,59,251,3.5
1665,3,377,5.0
1666,40,25,4.0
1667,12,10,5.0
1668,12,318,3.0
1669,36,86,2.0
1670,75,131,2.5
1671,74,7,3.0
1672,18,2,1.5
1673,51,81,3.5
1674,61,323,4.0
1675,7,147,4.0
1676,31,333,3.5
1677,12,337,3.0
1678,23,214,3.0
1679,25,326,3.0
1680,36,67,5.0
1681,69,311,5.0
1682,12,61,4.0
1683,14,36,5.0
1684,47,277,3.0
1685,49,190,4.0
1686,18,262,4.0
1687,23,301,4.0
1688,72,218,4.0
1689,5,105,2.0
1690,56,0,2.0
1691,73,144,5.0
1692,13,45,3.5
1693,13,346,3.5
1694,13,199,5.0
1695,5,391,2.0
1696,36,341,2.0
1697,23,210,3.0
1698,12,412,1.0
1699,7,323,3.0
1700,72,10,4.0
1701,72,456,5.0
1702,22,176,4.0
1703,48,119,5.0
1704,33,333,3.5
1705,45,346,3.0
1706,12,308,4.0
1707,8,81,2.0
1708,15,67,3.0
1709,8,15,3.0
1710,31,79,2.0
1711,72,208,4.0
1712,62,44,3.0
1713,23,89,4.0
1714,7,288,5.0
1715,11,155,2.5
1716,39,177,4.0
1717,47,129,4.0
1718,21,288,5.0
1719,43,34,4.0
1720,31,60,2.0
1721,25,278,5.0
1722,61,288,5.0
1723,72,241,3.0
1724,36,193,3.0
1725,9,299,5.0
1726,15,374,3.0
1727,12,444,4.0
1728,43,432,5.0
1729,5,155,3.0
1730,36,146,3.0
1731,2,287,3.5
1732,61,182,4.0
1733,3,301,5.0
1734,8,20,3.0
1735,72,94,2.0
1736,4,0,3.0
1737,23,412,3.0
1738,72,303,4.0
1739,70,36,5.0
1740,23,251,5.0
1741,8,190,5.0
1742,73,383,5.0
1743,2,348,3.0
1744,45,54,5.0
1745,59,77,4.0
1746,2,81,4.0
1747,70,93,2.5
1748,59,432,3.5
1749,47,188,4.0
1750,6,440,4.0
1751,44,144,4.5
1752,12,317,0.5
1753,8,91,4.0
1754,72,34,4.0
1755,15,216,4.0
1756,72,222,4.0
1757,39,90,3.5
1758,61,28,5.0
1759,12,18,3.0
1760,23,226,3.0
1761,25,11,4.0
1762,2,67,5.0
1763,25,131,3.0
1764,75,144,4.0
1765,23,295,4.0
1766,66,364,3.5
1767,12,413,4.0
1768,57,0,4.0
1769,72,390,1.0
1770,12,20,2.0
1771,64,288,5.0
1772,22,115,4.0
1773,31,83,2.0
1774,57,204,4.5
1775,45,53,5.0
1776,64,308,3.0
1777,72,1,2.0
1778,31,441,3.5
1779,25,157,4.0
1780,59,130,3.5
1781,49,175,3.0
1782,10,163,4.5
1783,29,47,3.5
1784,72,68,3.0
1785,45,396,4.0
1786,12,271,3.0
1787,48,9,3.0
1788,72,417,2.0
1789,49,224,3.0
1790,41,60,4.0
1791,2,373,4.5
1792,12,131,3.5
1793,9,434,5.0
1794,9,462,3.0
1795,12,237,2.5
1796,72,359,4.0
1797,72,443,4.0
1798,36,247,3.0
1799,39,432,4.5
1800,72,5,4.0
1801,43,182,3.5
1802,5,164,3.0
1803,59,320,4.5
1804,66,103,1.5
1805,8,373,4.0
1806,12,351,4.0
1807,43,7,3.0
1808,57,417,3.0
1809,46,123,3.0
1810,35,1,3.0
1811,66,79,4.0
1812,10,25,4.0
1813,19,144,3.5
1814,36,191,2.0
1815,48,374,3.0
1816,72,12,4.0
1817,72,418,1.0
1818,21,385,3.0
1819,72,50,4.0
1820,19,31,2.0
1821,8,316,4.0
1822,72,307,3.0
1823,72,403,3.0
1824,23,10,4.0
1825,72,397,5.0
1826,23,290,4.0
1827,69,386,4.0
1828,25,230,3.0
1829,41,413,4.0
1830,9,141,5.0
1831,6,413,5.0
1832,43,200,4.5
1833,32,230,3.0
1834,25,37,5.0
1835,5,333,3.0
1836,48,386,5.0
1837,72,424,4.0
1838,23,163,5.0
1839,72,93,4.0
1840,47,259,4.0
1841,19,162,3.0
1842,61,405,3.0
1843,72,272,2.0
1844,48,89,5.0
1845,8,29,3.0
1846,7,320,4.0
1847,74,216,3.0
1848,46,457,4.5
1849,71,288,5.0
1850,34,375,1.5
1851,40,425,4.5
1852,72,72,2.0
1853,31,326,3.0
1854,31,462,3.5
1855,57,163,4.0
1856,70,161,2.0
1857,20,321,4.5
1858,13,324,4.5
1859,10,320,3.0
1860,69,263,4.0
1861,12,299,2.5
1862,47,180,3.0
1863,35,199,3.5
1864,61,421,5.0
1865,75,114,2.5
1866,22,322,5.0
1867,72,131,3.0
1868,37,324,4.5
1869,72,370,3.0
1870,31,322,1.5
1871,6,437,5.0
1872,72,130,4.0
1873,13,321,4.0
1874,12,372,2.5
1875,66,438,5.0
1876,67,262,4.0
1877,72,176,5.0
1878,54,188,5.0
1879,5,34,5.0
1880,31,321,3.0
1881,31,81,3.0
1882,43,374,3.5
1883,73,28,5.0
1884,36,66,3.0
1885,21,301,5.0
1886,72,80,4.0
1887,61,308,4.0
1888,75,176,5.0
1889,43,290,3.0
1890,19,128,4.0
1891,72,356,5.0
1892,51,36,2.5
1893,59,94,0.5
1894,18,140,4.0
1895,47,144,4.0
1896,41,393,3.0
1897,72,462,4.0
1898,72,436,4.0
1899,9,437,5.0
1900,43,406,3.5
1901,56,163,3.0
1902,72,163,5.0
1903,8,123,2.0
1904,9,237,3.0
1905,57,386,3.5
1906,72,351,2.0
1907,12,162,4.0
1908,61,100,4.0
1909,31,200,2.5
1910,5,239,3.0
1911,9,301,4.0
1912,72,122,3.0
1913,12,177,4.0
1914,25,190,3.0
1915,18,319,2.5
1916,66,309,2.0
1917,23,29,3.0
1918,6,176,5.0
1919,11,288,4.0
1920,31,406,3.0
1921,59,439,3.5
1922,34,19,3.0
1923,23,128,4.0
1924,13,40,0.5
1925,25,18,4.0
1926,75,161,3.5
1927,38,66,4.5
1928,72,404,4.0
1929,8,125,2.0
1930,31,28,2.5
1931,74,251,4.0
1932,46,428,5.0
1933,36,256,3.0
1934,59,286,3.0
1935,42,410,4.0
1936,39,176,4.0
1937,75,93,4.0
1938,72,211,3.0
1939,47,395,4.0
1940,48,2,1.0
1941,46,89,3.5
1942,40,413,5.0
1943,3,288,4.0
1944,32,321,4.0
1945,27,462,4.0
1946,46,301,4.0
1947,43,321,4.0
1948,72,336,4.0
1949,2,148,1.0
1950,36,327,3.0
1951,73,213,3.0
1952,25,174,3.0
1953,5,57,4.0
1954,43,176,5.0
1955,37,25,4.5
1956,49,318,5.0
1957,32,97,3.0
1958,75,193,3.0
1959,75,66,3.5
1960,40,144,5.0
1961,30,272,4.0
1962,14,162,5.0
1963,19,440,5.0
1964,13,385,4.5
1965,15,385,5.0
1966,33,67,4.0
1967,5,272,4.0
1968,43,434,3.0
1969,72,438,5.0
1970,61,176,5.0
1971,72,175,1.0
1972,32,326,3.0
1973,8,132,4.0
1974,67,204,3.0
1975,3,117,5.0
1976,36,345,4.0
1977,54,173,2.0
1978,36,115,4.0
1979,43,248,3.5
1980,43,318,3.5
1981,25,184,3.0
1982,3,0,4.0
1983,8,346,5.0
1984,18,299,3.0
1985,38,191,4.0
1986,9,154,4.0
1987,72,233,2.0
1988,25,248,3.0
1989,75,236,3.5
1990,72,159,3.0
1991,9,66,4.0
1992,9,438,5.0
1993,13,301,3.5
1994,9,182,5.0
1995,27,288,4.0
1996,64,428,3.0
1997,3,163,5.0
1998,32,236,4.0
1999,66,29,5.0
2000,61,210,4.0
2001,57,324,4.5
2002,57,237,2.5
2003,32,13,3.0
2004,72,275,3.0
2005,31,345,2.0
2006,37,61,4.5
2007,8,322,3.0
2008,57,346,4.0
2009,19,86,3.0
2010,8,426,4.0
2011,29,98,3.0
2012,50,272,5.0
2013,61,242,1.0
2014,29,226,1.5
2015,47,364,3.0
2016,41,279,3.0
2017,72,324,5.0
2018,23,280,5.0
2019,38,162,3.0
2020,58,395,3.5
2021,75,248,3.0
2022,48,128,5.0
2023,10,386,3.0
2024,25,88,3.0
2025,43,102,2.5
2026,12,24,2.0
2027,10,106,1.0
2028,12,184,4.0
2029,40,36,5.0
2030,22,140,4.0
2031,43,319,3.5
2032,59,303,3.0
2033,67,313,1.0
2034,22,323,5.0
2035,2,145,0.5
2036,47,278,5.0
2037,18,60,3.0
2038,12,333,5.0
2039,45,341,4.0
2040,12,63,4.0
2041,36,291,3.0
2042,21,144,4.0
2043,72,452,4.0
2044,55,352,4.5
2045,22,93,5.0
2046,36,259,3.0
2047,61,29,4.0
2048,23,395,4.0
2049,8,371,3.0
2050,72,267,4.0
2051,7,102,3.0
2052,69,161,0.5
2053,48,373,5.0
2054,23,258,5.0
2055,45,363,4.0
2056,54,184,4.0
2057,69,93,4.0
2058,45,401,3.0
2059,8,214,5.0
2060,25,233,4.0
2061,72,91,3.0
2062,36,299,4.0
2063,66,176,5.0
2064,36,319,4.0
2065,46,421,4.5
2066,61,306,3.0
2067,5,190,4.0
2068,26,386,3.5
2069,36,301,4.0
2070,56,262,5.0
2071,8,262,3.0
2072,61,20,4.0
2073,11,324,4.5
2074,12,204,3.0
2075,72,255,3.0
2076,75,4,3.0
2077,74,89,3.0
2078,57,199,4.0
2079,57,34,4.5
2080,25,148,3.0
2081,12,25,2.0
2082,18,0,3.0
2083,58,379,5.0
2084,23,277,5.0
2085,50,262,4.0
2086,5,356,5.0
2087,25,288,5.0
2088,29,44,3.0
2089,26,190,3.0
2090,36,129,3.0
2091,66,81,3.0
2092,74,161,3.0
2093,23,433,5.0
2094,7,83,3.0
2095,24,288,4.5
2096,13,144,4.5
2097,6,432,4.0
2098,26,67,4.0
2099,59,325,3.0
2100,8,266,4.0
2101,31,11,2.5
2102,8,7,4.0
2103,72,216,2.0
2104,12,15,2.0
2105,75,326,5.0
2106,70,428,3.5
2107,36,199,4.0
2108,45,381,3.0
2109,72,300,3.0
2110,2,193,4.5
2111,12,36,5.0
2112,45,364,4.0
2113,12,284,2.0
2114,12,226,3.0
2115,23,68,4.0
2116,36,286,3.0
2117,13,119,3.0
2118,23,93,3.0
2119,23,399,4.0
2120,23,8,5.0
2121,27,199,5.0
2122,9,272,5.0
2123,59,191,3.5
2124,12,404,2.0
2125,22,163,3.0
2126,48,69,4.0
2127,41,91,4.0
2128,12,213,3.0
2129,70,251,3.5
2130,5,120,3.0
2131,41,335,5.0
2132,72,425,3.0
2133,73,56,5.0
2134,26,321,5.0
2135,72,315,2.0
2136,36,60,3.0
2137,40,263,4.5
2138,64,176,5.0
2139,15,301,5.0
2140,3,433,4.0
2141,25,29,3.0
2142,5,264,3.0
2143,21,379,4.0
2144,61,36,5.0
2145,41,7,3.0
2146,66,208,2.5
2147,59,462,4.0
2148,5,65,4.0
2149,72,329,4.0
2150,55,205,2.5
2151,3,199,4.0
2152,23,177,4.0
2153,7,190,2.0
2154,70,7,3.5
2155,69,163,5.0
2156,8,163,5.0
2157,12,325,3.5
2158,19,413,5.0
2159,9,457,4.0
2160,67,378,3.0
2161,34,163,4.0
2162,47,176,5.0
2163,8,386,2.0
2164,23,9,2.0
2165,40,162,5.0
2166,43,199,5.0
2167,48,4,5.0
2168,23,303,4.0
2169,41,254,3.0
2170,59,21,4.0
2171,3,413,5.0
2172,47,113,3.0
2173,23,145,3.0
2174,74,320,5.0
2175,50,115,2.5
2176,23,435,2.0
2177,5,385,5.0
2178,72,157,3.0
2179,23,129,4.0
2180,39,430,3.5
2181,18,159,1.0
2182,26,144,3.0
2183,71,36,5.0
2184,69,83,0.5
2185,13,326,3.5
2186,23,321,2.0
2187,66,35,3.0
2188,36,271,5.0
2189,37,413,4.5
2190,73,51,3.0
2191,26,199,3.0
2192,72,326,5.0
2193,66,320,3.5
2194,9,194,5.0
2195,66,350,4.0
2196,49,128,2.0
2197,5,13,4.0
2198,72,439,5.0
2199,57,319,4.0
2200,18,413,3.0
2201,9,89,5.0
2202,71,322,5.0
2203,31,392,1.5
2204,9,81,4.0
2205,69,67,5.0
2206,8,320,5.0
2207,72,246,3.0
2208,72,451,4.0
2209,5,240,4.0
2210,31,346,3.0
2211,10,216,3.5
2212,27,450,3.0
2213,72,52,3.0
2214,45,405,4.0
2215,12,320,4.0
2216,25,194,3.0
2217,69,140,4.0
2218,36,334,2.0
2219,31,186,2.5
2220,10,333,3.5
2221,59,425,3.5
2222,7,129,4.0
2223,12,298,4.0
2224,43,11,3.0
2225,18,323,5.0
2226,61,44,4.0
2227,72,310,3.0
2228,67,224,4.0
2229,2,144,5.0
2230,59,257,3.5
2231,32,176,5.0
2232,49,251,5.0
2233,59,188,3.5
2234,72,299,5.0
2235,36,81,5.0
2236,3,96,4.0
2237,23,66,4.0
2238,26,34,4.5
2239,57,46,4.5
2240,9,338,5.0
2241,25,173,2.0
2242,36,182,4.0
2243,58,311,3.0
2244,23,322,5.0
2245,8,439,3.0
2246,31,190,2.0
2247,75,278,3.0
2248,12,261,1.5
2249,75,203,3.0
2250,46,335,4.5
2251,2,262,2.0
2252,47,281,4.0
2253,47,37,3.0
2254,12,235,1.5
2255,23,259,5.0
2256,72,422,5.0
2257,50,207,4.5
2258,25,10,3.0
2259,10,324,4.5
2260,43,298,3.5
2261,12,144,5.0
2262,40,390,4.0
2263,75,163,3.0
2264,5,237,2.0
2265,72,325,4.0
2266,51,34,4.5
2267,42,36,5.0
2268,12,432,4.5
2269,75,288,4.0
2270,25,373,4.0
2271,72,101,2.0
2272,28,140,5.0
2273,3,386,3.5
2274,2,456,4.5
2275,69,162,5.0
2276,13,25,4.0
2277,27,322,4.0
2278,31,118,2.5
2279,8,144,3.0
2280,58,288,5.0
2281,61,445,5.0
2282,41,161,4.0
2283,9,7,5.0
2284,25,176,5.0
2285,2,321,4.0
2286,61,181,3.0
2287,59,433,3.5
2288,5,407,3.0
2289,46,458,4.5
2290,5,80,5.0
2291,46,462,5.0
2292,72,191,3.0
2293,73,340,4.0
2294,12,122,3.0
2295,73,373,3.0
2296,5,322,3.0
2297,59,413,3.5
2298,9,206,3.0
2299,75,29,3.0
2300,43,333,3.0
2301,23,2,5.0
2302,41,391,3.0
2303,31,444,3.5
2304,72,17,4.0
2305,41,293,3.0
2306,72,271,5.0
2307,45,366,3.0
2308,18,236,0.5
2309,12,399,4.0
2310,9,212,3.0
2311,43,162,4.0
2312,37,162,4.5
2313,50,214,4.5
2314,12,260,4.0
2315,2,42,0.5
2316,47,346,3.0
2317,13,81,4.5
2318,46,425,4.5
2319,58,190,3.0
2320,7,81,4.0
2321,63,199,3.0
2322,72,145,4.0
2323,22,190,3.0
2324,12,227,2.5
2325,74,323,3.0
2326,28,301,5.0
2327,56,386,5.0
2328,47,288,5.0
2329,12,7,3.0
2330,8,75,3.0
2331,48,60,4.0
2332,28,376,5.0
2333,61,161,4.0
2334,36,396,3.0
2335,59,194,3.5
2336,59,348,4.0
2337,73,374,3.0
2338,66,389,3.5
2339,15,163,5.0
2340,23,164,5.0
2341,9,236,5.0
2342,41,414,3.0
2343,59,301,4.0
2344,36,7,3.0
2345,61,83,4.0
2346,58,39,4.0
2347,6,324,4.0
2348,41,208,3.0
2349,25,107,3.0
2350,59,379,3.0
2351,9,448,4.0
2352,19,74,4.5
2353,74,176,3.0
2354,9,210,2.0
2355,2,131,4.0
2356,61,8,4.0
2357,73,12,3.0
2358,59,422,3.5
2359,12,331,3.0
2360,73,57,2.0
2361,62,162,4.5
2362,23,123,4.0
2363,47,295,4.0
2364,10,67,4.0