{
  "students": [
    {
      "id": "1",
      "name": "John Smith",
      "age": 30,
      "state": "pending"
    },
    {
      "id": "2",
      "name": "Robert Downey",
      "age": 32,
      "state": "completed"
    },
    {
      "id": "3",
      "name": "Taylow Swift",
      "age": 29,
      "state": "completed"
    },
    {
      "id": "4",
      "name": "Jackie Chan",
      "age": 55,
      "state": "pending"
    },
    {
      "id": "ad40",
      "name": "sdasd",
      "age": "34",
      "state": {
        "0": {},
        "1": {}
      }
    },
    {
      "id": "266b",
      "name": "ffs",
      "age": "55",
      "state": {
        "0": {},
        "1": {}
      }
    },
    {
      "id": "5e38",
      "name": "hao",
      "age": "33",
      "state": "Pending"
    }
  ]
}