{
  "project_info": {
    "project_number": "830123493370",
    "project_id": "veloxmail-516",
    "storage_bucket": "veloxmail-516.firebasestorage.app"
  },
  "client": [
    {
      "client_info": {
        "mobilesdk_app_id": "1:830123493370:android:7de760671965c643440643",
        "android_client_info": {
          "package_name": "com.example.final_project"
        }
      },
      "oauth_client": [],
      "api_key": [
        {
          "current_key": "AIzaSyC5P8Q7QczrcwRVhuNSzjZJW9_gGOns2Dg"
        }
      ],
      "services": {
        "appinvite_service": {
          "other_platform_oauth_client": []
        }
      }
    },
    {
      "client_info": {
        "mobilesdk_app_id": "1:830123493370:android:6d417261a3557c4f440643",
        "android_client_info": {
          "package_name": "com.example.verygoodcore.messaging_app"
        }
      },
      "oauth_client": [],
      "api_key": [
        {
          "current_key": "AIzaSyC5P8Q7QczrcwRVhuNSzjZJW9_gGOns2Dg"
        }
      ],
      "services": {
        "appinvite_service": {
          "other_platform_oauth_client": []
        }
      }
    },
    {
      "client_info": {
        "mobilesdk_app_id": "1:830123493370:android:ce4f4ea17ee7ce65440643",
        "android_client_info": {
          "package_name": "com.example.verygoodcore.veloxmail"
        }
      },
      "oauth_client": [],
      "api_key": [
        {
          "current_key": "AIzaSyC5P8Q7QczrcwRVhuNSzjZJW9_gGOns2Dg"
        }
      ],
      "services": {
        "appinvite_service": {
          "other_platform_oauth_client": []
        }
      }
    }
  ],
  "configuration_version": "1"
}