{
    "$schema": "https://biomejs.dev/schemas/1.9.4/schema.json",
    "vcs": { "enabled": false, "clientKind": "git", "useIgnoreFile": false },
    "files": { "ignoreUnknown": false, "ignore": [] },
    "formatter": {
        "enabled": true,
        "useEditorconfig": true,
        "formatWithErrors": false,
        "indentStyle": "space",
        "indentWidth": 4,
        "lineEnding": "lf",
        "lineWidth": 120,
        "attributePosition": "auto",
        "bracketSpacing": true,
        "ignore": ["**/node_modules", "**/.next", "**/build", "**/package-lock.json", "**/dist", "**/public"]
    },
    "organizeImports": { "enabled": true },
    "linter": {
        "enabled": true,
        "rules": {
            "recommended": false,
            "a11y": {
                "noAccessKey": "error",
                "noAriaUnsupportedElements": "error",
                "noAutofocus": "error",
                "noBlankTarget": "error",
                "noDistractingElements": "error",
                "noHeaderScope": "error",
                "noInteractiveElementToNoninteractiveRole": "error",
                "noLabelWithoutControl": "error",
                "noNoninteractiveElementToInteractiveRole": "error",
                "noNoninteractiveTabindex": "error",
                "noPositiveTabindex": "error",
                "noRedundantAlt": "error",
                "noRedundantRoles": "error",
                "useAltText": "error",
                "useAnchorContent": "error",
                "useAriaActivedescendantWithTabindex": "error",
                "useAriaPropsForRole": "error",
                "useButtonType": "warn",
                "useFocusableInteractive": "error",
                "useHeadingContent": "error",
                "useHtmlLang": "error",
                "useIframeTitle": "error",
                "useKeyWithClickEvents": "error",
                "useKeyWithMouseEvents": "error",
                "useMediaCaption": "error",
                "useValidAnchor": "error",
                "useValidAriaProps": "error",
                "useValidAriaRole": "error",
                "useValidAriaValues": "error"
            },
            "complexity": { "noUselessFragments": "warn", "useLiteralKeys": "off" },
            "correctness": {
                "noChildrenProp": "error",
                "noUnusedVariables": "error",
              "noUnusedImports": "warn",
                "useExhaustiveDependencies": "warn",
                "useHookAtTopLevel": "error",
                "useJsxKeyInIterable": "error"
            },
            "security": { "noDangerouslySetInnerHtmlWithChildren": "error" },
            "style": {
                "noDefaultExport": "off",
                "noImplicitBoolean": "warn",
                "noNonNullAssertion": "off",
                "useBlockStatements": "off",
                "useFilenamingConvention": {
                    "level": "error",
                    "options": { "requireAscii": true, "filenameCases": ["kebab-case", "PascalCase"] }
                },
                "useFragmentSyntax": "off"
            },
            "suspicious": {
                "noArrayIndexKey": "off",
                "noCommentText": "error",
                "noDuplicateJsxProps": "error",
                "noEmptyInterface": "error",
                "noRedeclare": "off",
                "useAwait": "off"
            }
        }
    },
    "javascript": {
        "formatter": {
            "jsxQuoteStyle": "double",
            "quoteProperties": "asNeeded",
            "trailingCommas": "es5",
            "semicolons": "always",
            "arrowParentheses": "always",
            "bracketSameLine": false,
            "quoteStyle": "single",
            "attributePosition": "auto",
            "bracketSpacing": true
        }
    },
    "overrides": [
        { "include": ["*.ts?(x)"] },
        { "include": ["*.js?(x)", "*.mjs"] },
        { "include": ["*.ts?(x)"] },
        { "include": ["*.js?(x)", "*.mjs"] }
    ]
}
